date,total_cases,new_cases,new_cases_smoothed,total_deaths,new_deaths,population
2020-03-08,2,2,0.29,0,0,37457976
2020-03-09,2,0,0.29,0,0,37457976
2020-03-10,2,0,0.29,0,0,37457976
2020-03-11,2,0,0.29,0,0,37457976
2020-03-12,2,0,0.29,0,0,37457976
2020-03-13,2,0,0.29,0,0,37457976
2020-03-14,2,0,0.29,0,0,37457976
2020-03-15,17,15,2.14,1,1,37457976
2020-03-16,17,0,2.14,1,0,37457976
2020-03-17,17,0,2.14,1,0,37457976
2020-03-18,17,0,2.14,1,0,37457976
2020-03-19,17,0,2.14,1,0,37457976
2020-03-20,17,0,2.14,1,0,37457976
2020-03-21,17,0,2.14,1,0,37457976
2020-03-22,96,79,11.29,3,2,37457976
2020-03-23,96,0,11.29,3,0,37457976
2020-03-24,96,0,11.29,3,0,37457976
2020-03-25,96,0,11.29,3,0,37457976
2020-03-26,96,0,11.29,3,0,37457976
2020-03-27,96,0,11.29,3,0,37457976
2020-03-28,96,0,11.29,3,0,37457976
2020-03-29,390,294,42.0,25,22,37457976
2020-03-30,390,0,42.0,25,0,37457976
2020-03-31,390,0,42.0,25,0,37457976
2020-04-01,390,0,42.0,25,0,37457976
2020-04-02,390,0,42.0,25,0,37457976
2020-04-03,390,0,42.0,25,0,37457976
2020-04-04,390,0,42.0,25,0,37457976
2020-04-05,919,529,75.57,59,34,37457976
2020-04-06,919,0,75.57,59,0,37457976
2020-04-07,919,0,75.57,59,0,37457976
2020-04-08,919,0,75.57,59,0,37457976
2020-04-09,919,0,75.57,59,0,37457976
2020-04-10,919,0,75.57,59,0,37457976
2020-04-11,919,0,75.57,59,0,37457976
2020-04-12,1545,626,89.43,111,52,37457976
2020-04-13,1545,0,89.43,111,0,37457976
2020-04-14,1545,0,89.43,111,0,37457976
2020-04-15,1545,0,89.43,111,0,37457976
2020-04-16,1545,0,89.43,111,0,37457976
2020-04-17,1545,0,89.43,111,0,37457976
2020-04-18,1545,0,89.43,111,0,37457976
2020-04-19,2685,1140,162.86,137,26,37457976
2020-04-20,2685,0,162.86,137,0,37457976
2020-04-21,2685,0,162.86,137,0,37457976
2020-04-22,2685,0,162.86,137,0,37457976
2020-04-23,2685,0,162.86,137,0,37457976
2020-04-24,2685,0,162.86,137,0,37457976
2020-04-25,2685,0,162.86,137,0,37457976
2020-04-26,3897,1212,173.14,159,22,37457976
2020-04-27,3897,0,173.14,159,0,37457976
2020-04-28,3897,0,173.14,159,0,37457976
2020-04-29,3897,0,173.14,159,0,37457976
2020-04-30,3897,0,173.14,159,0,37457976
2020-05-01,3897,0,173.14,159,0,37457976
2020-05-02,3897,0,173.14,159,0,37457976
2020-05-03,4729,832,118.86,173,14,37457976
2020-05-04,4729,0,118.86,173,0,37457976
2020-05-05,4729,0,118.86,173,0,37457976
2020-05-06,4729,0,118.86,173,0,37457976
2020-05-07,4729,0,118.86,173,0,37457976
2020-05-08,4729,0,118.86,173,0,37457976
2020-05-09,4729,0,118.86,173,0,37457976
2020-05-10,5910,1181,168.71,186,13,37457976
2020-05-11,5910,0,168.71,186,0,37457976
2020-05-12,5910,0,168.71,186,0,37457976
2020-05-13,5910,0,168.71,186,0,37457976
2020-05-14,5910,0,168.71,186,0,37457976
2020-05-15,5910,0,168.71,186,0,37457976
2020-05-16,5910,0,168.71,186,0,37457976
2020-05-17,6741,831,118.71,192,6,37457976
2020-05-18,6741,0,118.71,192,0,37457976
2020-05-19,6741,0,118.71,192,0,37457976
2020-05-20,6741,0,118.71,192,0,37457976
2020-05-21,6741,0,118.71,192,0,37457976
2020-05-22,6741,0,118.71,192,0,37457976
2020-05-23,6741,0,118.71,192,0,37457976
2020-05-24,7406,665,95.0,198,6,37457976
2020-05-25,7406,0,95.0,198,0,37457976
2020-05-26,7406,0,95.0,198,0,37457976
2020-05-27,7406,0,95.0,198,0,37457976
2020-05-28,7406,0,95.0,198,0,37457976
2020-05-29,7406,0,95.0,198,0,37457976
2020-05-30,7406,0,95.0,198,0,37457976
2020-05-31,7780,374,53.43,204,6,37457976
2020-06-01,7780,0,53.43,204,0,37457976
2020-06-02,7780,0,53.43,204,0,37457976
2020-06-03,7780,0,53.43,204,0,37457976
2020-06-04,7780,0,53.43,204,0,37457976
2020-06-05,7780,0,53.43,204,0,37457976
2020-06-06,7780,0,53.43,204,0,37457976
2020-06-07,8151,371,53.0,208,4,37457976
2020-06-08,8151,0,53.0,208,0,37457976
2020-06-09,8151,0,53.0,208,0,37457976
2020-06-10,8151,0,53.0,208,0,37457976
2020-06-11,8151,0,53.0,208,0,37457976
2020-06-12,8151,0,53.0,208,0,37457976
2020-06-13,8151,0,53.0,208,0,37457976
2020-06-14,8692,541,77.29,212,4,37457976
2020-06-15,8692,0,77.29,212,0,37457976
2020-06-16,8692,0,77.29,212,0,37457976
2020-06-17,8692,0,77.29,212,0,37457976
2020-06-18,8692,0,77.29,212,0,37457976
2020-06-19,8692,0,77.29,212,0,37457976
2020-06-20,8692,0,77.29,212,0,37457976
2020-06-21,9839,1147,163.86,213,1,37457976
2020-06-22,9839,0,163.86,213,0,37457976
2020-06-23,9839,0,163.86,213,0,37457976
2020-06-24,9839,0,163.86,213,0,37457976
2020-06-25,9839,0,163.86,213,0,37457976
2020-06-26,9839,0,163.86,213,0,37457976
2020-06-27,9839,0,163.86,213,0,37457976
2020-06-28,11877,2038,291.14,220,7,37457976
2020-06-29,11877,0,291.14,220,0,37457976
2020-06-30,11877,0,291.14,220,0,37457976
2020-07-01,11877,0,291.14,220,0,37457976
2020-07-02,11877,0,291.14,220,0,37457976
2020-07-03,11877,0,291.14,220,0,37457976
2020-07-04,11877,0,291.14,220,0,37457976
2020-07-05,13822,1945,277.86,232,12,37457976
2020-07-06,13822,0,277.86,232,0,37457976
2020-07-07,13822,0,277.86,232,0,37457976
2020-07-08,13822,0,277.86,232,0,37457976
2020-07-09,13822,0,277.86,232,0,37457976
2020-07-10,13822,0,277.86,232,0,37457976
2020-07-11,13822,0,277.86,232,0,37457976
2020-07-12,15542,1720,245.71,245,13,37457976
2020-07-13,15542,0,245.71,245,0,37457976
2020-07-14,15542,0,245.71,245,0,37457976
2020-07-15,15542,0,245.71,245,0,37457976
2020-07-16,15542,0,245.71,245,0,37457976
2020-07-17,15542,0,245.71,245,0,37457976
2020-07-18,15542,0,245.71,245,0,37457976
2020-07-19,17015,1473,210.43,269,24,37457976
2020-07-20,17015,0,210.43,269,0,37457976
2020-07-21,17015,0,210.43,269,0,37457976
2020-07-22,17015,0,210.43,269,0,37457976
2020-07-23,17015,0,210.43,269,0,37457976
2020-07-24,17015,0,210.43,269,0,37457976
2020-07-25,17015,0,210.43,269,0,37457976
2020-07-26,19645,2630,375.71,305,36,37457976
2020-07-27,19645,0,375.71,305,0,37457976
2020-07-28,19645,0,375.71,305,0,37457976
2020-07-29,19645,0,375.71,305,0,37457976
2020-07-30,19645,0,375.71,305,0,37457976
2020-07-31,19645,0,375.71,305,0,37457976
2020-08-01,19645,0,375.71,305,0,37457976
2020-08-02,25051,5406,772.29,367,62,37457976
2020-08-03,25051,0,772.29,367,0,37457976
2020-08-04,25051,0,772.29,367,0,37457976
2020-08-05,25051,0,772.29,367,0,37457976
2020-08-06,25051,0,772.29,367,0,37457976
2020-08-07,25051,0,772.29,367,0,37457976
2020-08-08,25051,0,772.29,367,0,37457976
2020-08-09,32007,6956,993.71,480,113,37457976
2020-08-10,32007,0,993.71,480,0,37457976
2020-08-11,32007,0,993.71,480,0,37457976
2020-08-12,32007,0,993.71,480,0,37457976
2020-08-13,32007,0,993.71,480,0,37457976
2020-08-14,32007,0,993.71,480,0,37457976
2020-08-15,32007,0,993.71,480,0,37457976
2020-08-16,41017,9010,1287.14,632,152,37457976
2020-08-17,41017,0,1287.14,632,0,37457976
2020-08-18,41017,0,1287.14,632,0,37457976
2020-08-19,41017,0,1287.14,632,0,37457976
2020-08-20,41017,0,1287.14,632,0,37457976
2020-08-21,41017,0,1287.14,632,0,37457976
2020-08-22,41017,0,1287.14,632,0,37457976
2020-08-23,50812,9795,1399.29,858,226,37457976
2020-08-24,50812,0,1399.29,858,0,37457976
2020-08-25,50812,0,1399.29,858,0,37457976
2020-08-26,50812,0,1399.29,858,0,37457976
2020-08-27,50812,0,1399.29,858,0,37457976
2020-08-28,50812,0,1399.29,858,0,37457976
2020-08-29,50812,0,1399.29,858,0,37457976
2020-08-30,60056,9244,1320.57,1078,220,37457976
2020-08-31,60056,0,1320.57,1078,0,37457976
2020-09-01,60056,0,1320.57,1078,0,37457976
2020-09-02,60056,0,1320.57,1078,0,37457976
2020-09-03,60056,0,1320.57,1078,0,37457976
2020-09-04,60056,0,1320.57,1078,0,37457976
2020-09-05,60056,0,1320.57,1078,0,37457976
2020-09-06,70160,10104,1443.43,1329,251,37457976
2020-09-07,70160,0,1443.43,1329,0,37457976
2020-09-08,70160,0,1443.43,1329,0,37457976
2020-09-09,70160,0,1443.43,1329,0,37457976
2020-09-10,70160,0,1443.43,1329,0,37457976
2020-09-11,70160,0,1443.43,1329,0,37457976
2020-09-12,70160,0,1443.43,1329,0,37457976
2020-09-13,84435,14275,2039.29,1553,224,37457976
2020-09-14,84435,0,2039.29,1553,0,37457976
2020-09-15,84435,0,2039.29,1553,0,37457976
2020-09-16,84435,0,2039.29,1553,0,37457976
2020-09-17,84435,0,2039.29,1553,0,37457976
2020-09-18,84435,0,2039.29,1553,0,37457976
2020-09-19,84435,0,2039.29,1553,0,37457976
2020-09-20,99816,15381,2197.29,1795,242,37457976
2020-09-21,99816,0,2197.29,1795,0,37457976
2020-09-22,99816,0,2197.29,1795,0,37457976
2020-09-23,99816,0,2197.29,1795,0,37457976
2020-09-24,99816,0,2197.29,1795,0,37457976
2020-09-25,99816,0,2197.29,1795,0,37457976
2020-09-26,99816,0,2197.29,1795,0,37457976
2020-09-27,115241,15425,2203.57,2041,246,37457976
2020-09-28,115241,0,2203.57,2041,0,37457976
2020-09-29,115241,0,2203.57,2041,0,37457976
2020-09-30,115241,0,2203.57,2041,0,37457976
2020-10-01,115241,0,2203.57,2041,0,37457976
2020-10-02,115241,0,2203.57,2041,0,37457976
2020-10-03,115241,0,2203.57,2041,0,37457976
2020-10-04,131228,15987,2283.86,2293,252,37457976
2020-10-05,131228,0,2283.86,2293,0,37457976
2020-10-06,131228,0,2283.86,2293,0,37457976
2020-10-07,131228,0,2283.86,2293,0,37457976
2020-10-08,131228,0,2283.86,2293,0,37457976
2020-10-09,131228,0,2283.86,2293,0,37457976
2020-10-10,131228,0,2283.86,2293,0,37457976
2020-10-11,149841,18613,2659.0,2572,279,37457976
2020-10-12,149841,0,2659.0,2572,0,37457976
2020-10-13,149841,0,2659.0,2572,0,37457976
2020-10-14,149841,0,2659.0,2572,0,37457976
2020-10-15,149841,0,2659.0,2572,0,37457976
2020-10-16,149841,0,2659.0,2572,0,37457976
2020-10-17,149841,0,2659.0,2572,0,37457976
2020-10-18,170911,21070,3010.0,2878,306,37457976
2020-10-19,170911,0,3010.0,2878,0,37457976
2020-10-20,170911,0,3010.0,2878,0,37457976
2020-10-21,170911,0,3010.0,2878,0,37457976
2020-10-22,170911,0,3010.0,2878,0,37457976
2020-10-23,170911,0,3010.0,2878,0,37457976
2020-10-24,170911,0,3010.0,2878,0,37457976
2020-10-25,194461,23550,3364.29,3255,377,37457976
2020-10-26,194461,0,3364.29,3255,0,37457976
2020-10-27,194461,0,3364.29,3255,0,37457976
2020-10-28,194461,0,3364.29,3255,0,37457976
2020-10-29,194461,0,3364.29,3255,0,37457976
2020-10-30,194461,0,3364.29,3255,0,37457976
2020-10-31,194461,0,3364.29,3255,0,37457976
2020-11-01,219084,24623,3517.57,3695,440,37457976
2020-11-02,219084,0,3517.57,3695,0,37457976
2020-11-03,219084,0,3517.57,3695,0,37457976
2020-11-04,219084,0,3517.57,3695,0,37457976
2020-11-05,219084,0,3517.57,3695,0,37457976
2020-11-06,219084,0,3517.57,3695,0,37457976
2020-11-07,219084,0,3517.57,3695,0,37457976
2020-11-08,252185,33101,4728.71,4197,502,37457976
2020-11-09,252185,0,4728.71,4197,0,37457976
2020-11-10,252185,0,4728.71,4197,0,37457976
2020-11-11,252185,0,4728.71,4197,0,37457976
2020-11-12,252185,0,4728.71,4197,0,37457976
2020-11-13,252185,0,4728.71,4197,0,37457976
2020-11-14,252185,0,4728.71,4197,0,37457976
2020-11-15,288211,36026,5146.57,4697,500,37457976
2020-11-16,288211,0,5146.57,4697,0,37457976
2020-11-17,288211,0,5146.57,4697,0,37457976
2020-11-18,288211,0,5146.57,4697,0,37457976
2020-11-19,288211,0,5146.57,4697,0,37457976
2020-11-20,288211,0,5146.57,4697,0,37457976
2020-11-21,288211,0,5146.57,4697,0,37457976
2020-11-22,320962,32751,4678.71,5256,559,37457976
2020-11-23,320962,0,4678.71,5256,0,37457976
2020-11-24,320962,0,4678.71,5256,0,37457976
2020-11-25,320962,0,4678.71,5256,0,37457976
2020-11-26,320962,0,4678.71,5256,0,37457976
2020-11-27,320962,0,4678.71,5256,0,37457976
2020-11-28,320962,0,4678.71,5256,0,37457976
2020-11-29,349688,28726,4103.71,5739,483,37457976
2020-11-30,349688,0,4103.71,5739,0,37457976
2020-12-01,349688,0,4103.71,5739,0,37457976
2020-12-02,349688,0,4103.71,5739,0,37457976
2020-12-03,349688,0,4103.71,5739,0,37457976
2020-12-04,349688,0,4103.71,5739,0,37457976
2020-12-05,349688,0,4103.71,5739,0,37457976
2020-12-06,376738,27050,3864.29,6184,445,37457976
2020-12-07,376738,0,3864.29,6184,0,37457976
2020-12-08,376738,0,3864.29,6184,0,37457976
2020-12-09,376738,0,3864.29,6184,0,37457976
2020-12-10,376738,0,3864.29,6184,0,37457976
2020-12-11,376738,0,3864.29,6184,0,37457976
2020-12-12,376738,0,3864.29,6184,0,37457976
2020-12-13,397597,20859,2979.86,6589,405,37457976
2020-12-14,397597,0,2979.86,6589,0,37457976
2020-12-15,397597,0,2979.86,6589,0,37457976
2020-12-16,397597,0,2979.86,6589,0,37457976
2020-12-17,397597,0,2979.86,6589,0,37457976
2020-12-18,397597,0,2979.86,6589,0,37457976
2020-12-19,397597,0,2979.86,6589,0,37457976
2020-12-20,415226,17629,2518.43,6909,320,37457976
2020-12-21,415226,0,2518.43,6909,0,37457976
2020-12-22,415226,0,2518.43,6909,0,37457976
2020-12-23,415226,0,2518.43,6909,0,37457976
2020-12-24,415226,0,2518.43,6909,0,37457976
2020-12-25,415226,0,2518.43,6909,0,37457976
2020-12-26,415226,0,2518.43,6909,0,37457976
2020-12-27,430562,15336,2190.86,7204,295,37457976
2020-12-28,430562,0,2190.86,7204,0,37457976
2020-12-29,430562,0,2190.86,7204,0,37457976
2020-12-30,430562,0,2190.86,7204,0,37457976
2020-12-31,430562,0,2190.86,7204,0,37457976
2021-01-01,430562,0,2190.86,7204,0,37457976
2021-01-02,430562,0,2190.86,7204,0,37457976
2021-01-03,442141,11579,1654.14,7452,248,37457976
2021-01-04,442141,0,1654.14,7452,0,37457976
2021-01-05,442141,0,1654.14,7452,0,37457976
2021-01-06,442141,0,1654.14,7452,0,37457976
2021-01-07,442141,0,1654.14,7452,0,37457976
2021-01-08,442141,0,1654.14,7452,0,37457976
2021-01-09,442141,0,1654.14,7452,0,37457976
2021-01-10,451637,9496,1356.57,7709,257,37457976
2021-01-11,451637,0,1356.57,7709,0,37457976
2021-01-12,451637,0,1356.57,7709,0,37457976
2021-01-13,451637,0,1356.57,7709,0,37457976
2021-01-14,451637,0,1356.57,7709,0,37457976
2021-01-15,451637,0,1356.57,7709,0,37457976
2021-01-16,451637,0,1356.57,7709,0,37457976
2021-01-17,458865,7228,1032.57,7911,202,37457976
2021-01-18,458865,0,1032.57,7911,0,37457976
2021-01-19,458865,0,1032.57,7911,0,37457976
2021-01-20,458865,0,1032.57,7911,0,37457976
2021-01-21,458865,0,1032.57,7911,0,37457976
2021-01-22,458865,0,1032.57,7911,0,37457976
2021-01-23,458865,0,1032.57,7911,0,37457976
2021-01-24,465769,6904,986.29,8128,217,37457976
2021-01-25,465769,0,986.29,8128,0,37457976
2021-01-26,465769,0,986.29,8128,0,37457976
2021-01-27,465769,0,986.29,8128,0,37457976
2021-01-28,465769,0,986.29,8128,0,37457976
2021-01-29,465769,0,986.29,8128,0,37457976
2021-01-30,465769,0,986.29,8128,0,37457976
2021-01-31,470691,4922,703.14,8259,131,37457976
2021-02-01,470691,0,703.14,8259,0,37457976
2021-02-02,470691,0,703.14,8259,0,37457976
2021-02-03,470691,0,703.14,8259,0,37457976
2021-02-04,470691,0,703.14,8259,0,37457976
2021-02-05,470691,0,703.14,8259,0,37457976
2021-02-06,470691,0,703.14,8259,0,37457976
2021-02-07,474966,4275,610.71,8381,122,37457976
2021-02-08,474966,0,610.71,8381,0,37457976
2021-02-09,474966,0,610.71,8381,0,37457976
2021-02-10,474966,0,610.71,8381,0,37457976
2021-02-11,474966,0,610.71,8381,0,37457976
2021-02-12,474966,0,610.71,8381,0,37457976
2021-02-13,474966,0,610.71,8381,0,37457976
2021-02-14,478135,3169,452.71,8460,79,37457976
2021-02-15,478135,0,452.71,8460,0,37457976
2021-02-16,478135,0,452.71,8460,0,37457976
2021-02-17,478135,0,452.71,8460,0,37457976
2021-02-18,478135,0,452.71,8460,0,37457976
2021-02-19,478135,0,452.71,8460,0,37457976
2021-02-20,478135,0,452.71,8460,0,37457976
2021-02-21,480948,2813,401.86,8548,88,37457976
2021-02-22,480948,0,401.86,8548,0,37457976
2021-02-23,480948,0,401.86,8548,0,37457976
2021-02-24,480948,0,401.86,8548,0,37457976
2021-02-25,480948,0,401.86,8548,0,37457976
2021-02-26,480948,0,401.86,8548,0,37457976
2021-02-27,480948,0,401.86,8548,0,37457976
2021-02-28,483410,2462,351.71,8615,67,37457976
2021-03-01,483410,0,351.71,8615,0,37457976
2021-03-02,483410,0,351.71,8615,0,37457976
2021-03-03,483410,0,351.71,8615,0,37457976
2021-03-04,483410,0,351.71,8615,0,37457976
2021-03-05,483410,0,351.71,8615,0,37457976
2021-03-06,483410,0,351.71,8615,0,37457976
2021-03-07,485974,2564,366.29,8676,61,37457976
2021-03-08,485974,0,366.29,8676,0,37457976
2021-03-09,485974,0,366.29,8676,0,37457976
2021-03-10,485974,0,366.29,8676,0,37457976
2021-03-11,485974,0,366.29,8676,0,37457976
2021-03-12,485974,0,366.29,8676,0,37457976
2021-03-13,485974,0,366.29,8676,0,37457976
2021-03-14,488632,2658,379.71,8718,42,37457976
2021-03-15,488632,0,379.71,8718,0,37457976
2021-03-16,488632,0,379.71,8718,0,37457976
2021-03-17,488632,0,379.71,8718,0,37457976
2021-03-18,488632,0,379.71,8718,0,37457976
2021-03-19,488632,0,379.71,8718,0,37457976
2021-03-20,488632,0,379.71,8718,0,37457976
2021-03-21,491463,2831,404.43,8763,45,37457976
2021-03-22,491463,0,404.43,8763,0,37457976
2021-03-23,491463,0,404.43,8763,0,37457976
2021-03-24,491463,0,404.43,8763,0,37457976
2021-03-25,491463,0,404.43,8763,0,37457976
2021-03-26,491463,0,404.43,8763,0,37457976
2021-03-27,491463,0,404.43,8763,0,37457976
2021-03-28,494358,2895,413.57,8798,35,37457976
2021-03-29,494358,0,413.57,8798,0,37457976
2021-03-30,494358,0,413.57,8798,0,37457976
2021-03-31,494358,0,413.57,8798,0,37457976
2021-04-01,494358,0,413.57,8798,0,37457976
2021-04-02,494358,0,413.57,8798,0,37457976
2021-04-03,494358,0,413.57,8798,0,37457976
2021-04-04,497832,3474,496.29,8842,44,37457976
2021-04-05,497832,0,496.29,8842,0,37457976
2021-04-06,497832,0,496.29,8842,0,37457976
2021-04-07,497832,0,496.29,8842,0,37457976
2021-04-08,497832,0,496.29,8842,0,37457976
2021-04-09,497832,0,496.29,8842,0,37457976
2021-04-10,497832,0,496.29,8842,0,37457976
2021-04-11,501688,3856,550.86,8891,49,37457976
2021-04-12,501688,0,550.86,8891,0,37457976
2021-04-13,501688,0,550.86,8891,0,37457976
2021-04-14,501688,0,550.86,8891,0,37457976
2021-04-15,501688,0,550.86,8891,0,37457976
2021-04-16,501688,0,550.86,8891,0,37457976
2021-04-17,501688,0,550.86,8891,0,37457976
2021-04-18,505447,3759,537.0,8944,53,37457976
2021-04-19,505447,0,537.0,8944,0,37457976
2021-04-20,505447,0,537.0,8944,0,37457976
2021-04-21,505447,0,537.0,8944,0,37457976
2021-04-22,505447,0,537.0,8944,0,37457976
2021-04-23,505447,0,537.0,8944,0,37457976
2021-04-24,505447,0,537.0,8944,0,37457976
2021-04-25,509037,3590,512.86,8988,44,37457976
2021-04-26,509037,0,512.86,8988,0,37457976
2021-04-27,509037,0,512.86,8988,0,37457976
2021-04-28,509037,0,512.86,8988,0,37457976
2021-04-29,509037,0,512.86,8988,0,37457976
2021-04-30,509037,0,512.86,8988,0,37457976
2021-05-01,509037,0,512.86,8988,0,37457976
2021-05-02,511562,2525,360.71,9026,38,37457976
2021-05-03,511562,0,360.71,9026,0,37457976
2021-05-04,511562,0,360.71,9026,0,37457976
2021-05-05,511562,0,360.71,9026,0,37457976
2021-05-06,511562,0,360.71,9026,0,37457976
2021-05-07,511562,0,360.71,9026,0,37457976
2021-05-08,511562,0,360.71,9026,0,37457976
2021-05-09,513628,2066,295.14,9064,38,37457976
2021-05-10,513628,0,295.14,9064,0,37457976
2021-05-11,513628,0,295.14,9064,0,37457976
2021-05-12,513628,0,295.14,9064,0,37457976
2021-05-13,513628,0,295.14,9064,0,37457976
2021-05-14,513628,0,295.14,9064,0,37457976
2021-05-15,513628,0,295.14,9064,0,37457976
2021-05-16,514817,1189,169.86,9098,34,37457976
2021-05-17,514817,0,169.86,9098,0,37457976
2021-05-18,514817,0,169.86,9098,0,37457976
2021-05-19,514817,0,169.86,9098,0,37457976
2021-05-20,514817,0,169.86,9098,0,37457976
2021-05-21,514817,0,169.86,9098,0,37457976
2021-05-22,514817,0,169.86,9098,0,37457976
2021-05-23,516812,1995,285.0,9119,21,37457976
2021-05-24,516812,0,285.0,9119,0,37457976
2021-05-25,516812,0,285.0,9119,0,37457976
2021-05-26,516812,0,285.0,9119,0,37457976
2021-05-27,516812,0,285.0,9119,0,37457976
2021-05-28,516812,0,285.0,9119,0,37457976
2021-05-29,516812,0,285.0,9119,0,37457976
2021-05-30,518868,2056,293.71,9138,19,37457976
2021-05-31,518868,0,293.71,9138,0,37457976
2021-06-01,518868,0,293.71,9138,0,37457976
2021-06-02,518868,0,293.71,9138,0,37457976
2021-06-03,518868,0,293.71,9138,0,37457976
2021-06-04,518868,0,293.71,9138,0,37457976
2021-06-05,518868,0,293.71,9138,0,37457976
2021-06-06,521195,2327,332.43,9173,35,37457976
2021-06-07,521195,0,332.43,9173,0,37457976
2021-06-08,521195,0,332.43,9173,0,37457976
2021-06-09,521195,0,332.43,9173,0,37457976
2021-06-10,521195,0,332.43,9173,0,37457976
2021-06-11,521195,0,332.43,9173,0,37457976
2021-06-12,521195,0,332.43,9173,0,37457976
2021-06-13,523620,2425,346.43,9207,34,37457976
2021-06-14,523620,0,346.43,9207,0,37457976
2021-06-15,523620,0,346.43,9207,0,37457976
2021-06-16,523620,0,346.43,9207,0,37457976
2021-06-17,523620,0,346.43,9207,0,37457976
2021-06-18,523620,0,346.43,9207,0,37457976
2021-06-19,523620,0,346.43,9207,0,37457976
2021-06-20,526363,2743,391.86,9237,30,37457976
2021-06-21,526363,0,391.86,9237,0,37457976
2021-06-22,526363,0,391.86,9237,0,37457976
2021-06-23,526363,0,391.86,9237,0,37457976
2021-06-24,526363,0,391.86,9237,0,37457976
2021-06-25,526363,0,391.86,9237,0,37457976
2021-06-26,526363,0,391.86,9237,0,37457976
2021-06-27,529224,2861,408.71,9273,36,37457976
2021-06-28,529224,0,408.71,9273,0,37457976
2021-06-29,529224,0,408.71,9273,0,37457976
2021-06-30,529224,0,408.71,9273,0,37457976
2021-07-01,529224,0,408.71,9273,0,37457976
2021-07-02,529224,0,408.71,9273,0,37457976
2021-07-03,529224,0,408.71,9273,0,37457976
2021-07-04,533945,4721,674.43,9315,42,37457976
2021-07-05,533945,0,674.43,9315,0,37457976
2021-07-06,533945,0,674.43,9315,0,37457976
2021-07-07,533945,0,674.43,9315,0,37457976
2021-07-08,533945,0,674.43,9315,0,37457976
2021-07-09,533945,0,674.43,9315,0,37457976
2021-07-10,533945,0,674.43,9315,0,37457976
2021-07-11,541405,7460,1065.71,9360,45,37457976
2021-07-12,541405,0,1065.71,9360,0,37457976
2021-07-13,541405,0,1065.71,9360,0,37457976
2021-07-14,541405,0,1065.71,9360,0,37457976
2021-07-15,541405,0,1065.71,9360,0,37457976
2021-07-16,541405,0,1065.71,9360,0,37457976
2021-07-17,541405,0,1065.71,9360,0,37457976
2021-07-18,555488,14083,2011.86,9434,74,37457976
2021-07-19,555488,0,2011.86,9434,0,37457976
2021-07-20,555488,0,2011.86,9434,0,37457976
2021-07-21,555488,0,2011.86,9434,0,37457976
2021-07-22,555488,0,2011.86,9434,0,37457976
2021-07-23,555488,0,2011.86,9434,0,37457976
2021-07-24,555488,0,2011.86,9434,0,37457976
2021-07-25,575162,19674,2810.57,9559,125,37457976
2021-07-26,575162,0,2810.57,9559,0,37457976
2021-07-27,575162,0,2810.57,9559,0,37457976
2021-07-28,575162,0,2810.57,9559,0,37457976
2021-07-29,575162,0,2810.57,9559,0,37457976
2021-07-30,575162,0,2810.57,9559,0,37457976
2021-07-31,575162,0,2810.57,9559,0,37457976
2021-08-01,623528,48366,6909.43,9785,226,37457976
2021-08-02,623528,0,6909.43,9785,0,37457976
2021-08-03,623528,0,6909.43,9785,0,37457976
2021-08-04,623528,0,6909.43,9785,0,37457976
2021-08-05,623528,0,6909.43,9785,0,37457976
2021-08-06,623528,0,6909.43,9785,0,37457976
2021-08-07,623528,0,6909.43,9785,0,37457976
2021-08-08,687292,63764,9109.14,10255,470,37457976
2021-08-09,687292,0,9109.14,10255,0,37457976
2021-08-10,687292,0,9109.14,10255,0,37457976
2021-08-11,687292,0,9109.14,10255,0,37457976
2021-08-12,687292,0,9109.14,10255,0,37457976
2021-08-13,687292,0,9109.14,10255,0,37457976
2021-08-14,687292,0,9109.14,10255,0,37457976
2021-08-15,752076,64784,9254.86,10933,678,37457976
2021-08-16,752076,0,9254.86,10933,0,37457976
2021-08-17,752076,0,9254.86,10933,0,37457976
2021-08-18,752076,0,9254.86,10933,0,37457976
2021-08-19,752076,0,9254.86,10933,0,37457976
2021-08-20,752076,0,9254.86,10933,0,37457976
2021-08-21,752076,0,9254.86,10933,0,37457976
2021-08-22,806288,54212,7744.57,11677,744,37457976
2021-08-23,806288,0,7744.57,11677,0,37457976
2021-08-24,806288,0,7744.57,11677,0,37457976
2021-08-25,806288,0,7744.57,11677,0,37457976
2021-08-26,806288,0,7744.57,11677,0,37457976
2021-08-27,806288,0,7744.57,11677,0,37457976
2021-08-28,806288,0,7744.57,11677,0,37457976
2021-08-29,849532,43244,6177.71,12361,684,37457976
2021-08-30,849532,0,6177.71,12361,0,37457976
2021-08-31,849532,0,6177.71,12361,0,37457976
2021-09-01,849532,0,6177.71,12361,0,37457976
2021-09-02,849532,0,6177.71,12361,0,37457976
2021-09-03,849532,0,6177.71,12361,0,37457976
2021-09-04,849532,0,6177.71,12361,0,37457976
2021-09-05,881042,31510,4501.43,12993,632,37457976
2021-09-06,881042,0,4501.43,12993,0,37457976
2021-09-07,881042,0,4501.43,12993,0,37457976
2021-09-08,881042,0,4501.43,12993,0,37457976
2021-09-09,881042,0,4501.43,12993,0,37457976
2021-09-10,881042,0,4501.43,12993,0,37457976
2021-09-11,881042,0,4501.43,12993,0,37457976
2021-09-12,902694,21652,3093.14,13488,495,37457976
2021-09-13,902694,0,3093.14,13488,0,37457976
2021-09-14,902694,0,3093.14,13488,0,37457976
2021-09-15,902694,0,3093.14,13488,0,37457976
2021-09-16,902694,0,3093.14,13488,0,37457976
2021-09-17,902694,0,3093.14,13488,0,37457976
2021-09-18,902694,0,3093.14,13488,0,37457976
2021-09-19,918126,15432,2204.57,13876,388,37457976
2021-09-20,918126,0,2204.57,13876,0,37457976
2021-09-21,918126,0,2204.57,13876,0,37457976
2021-09-22,918126,0,2204.57,13876,0,37457976
2021-09-23,918126,0,2204.57,13876,0,37457976
2021-09-24,918126,0,2204.57,13876,0,37457976
2021-09-25,918126,0,2204.57,13876,0,37457976
2021-09-26,928571,10445,1492.14,14132,256,37457976
2021-09-27,928571,0,1492.14,14132,0,37457976
2021-09-28,928571,0,1492.14,14132,0,37457976
2021-09-29,928571,0,1492.14,14132,0,37457976
2021-09-30,928571,0,1492.14,14132,0,37457976
2021-10-01,928571,0,1492.14,14132,0,37457976
2021-10-02,928571,0,1492.14,14132,0,37457976
2021-10-03,934828,6257,893.86,14315,183,37457976
2021-10-04,934828,0,893.86,14315,0,37457976
2021-10-05,934828,0,893.86,14315,0,37457976
2021-10-06,934828,0,893.86,14315,0,37457976
2021-10-07,934828,0,893.86,14315,0,37457976
2021-10-08,934828,0,893.86,14315,0,37457976
2021-10-09,934828,0,893.86,14315,0,37457976
2021-10-10,938801,3973,567.57,14443,128,37457976
2021-10-11,938801,0,567.57,14443,0,37457976
2021-10-12,938801,0,567.57,14443,0,37457976
2021-10-13,938801,0,567.57,14443,0,37457976
2021-10-14,938801,0,567.57,14443,0,37457976
2021-10-15,938801,0,567.57,14443,0,37457976
2021-10-16,938801,0,567.57,14443,0,37457976
2021-10-17,941863,3062,437.43,14537,94,37457976
2021-10-18,941863,0,437.43,14537,0,37457976
2021-10-19,941863,0,437.43,14537,0,37457976
2021-10-20,941863,0,437.43,14537,0,37457976
2021-10-21,941863,0,437.43,14537,0,37457976
2021-10-22,941863,0,437.43,14537,0,37457976
2021-10-23,941863,0,437.43,14537,0,37457976
2021-10-24,944076,2213,316.14,14606,69,37457976
2021-10-25,944076,0,316.14,14606,0,37457976
2021-10-26,944076,0,316.14,14606,0,37457976
2021-10-27,944076,0,316.14,14606,0,37457976
2021-10-28,944076,0,316.14,14606,0,37457976
2021-10-29,944076,0,316.14,14606,0,37457976
2021-10-30,944076,0,316.14,14606,0,37457976
2021-10-31,945960,1884,269.14,14667,61,37457976
2021-11-01,945960,0,269.14,14667,0,37457976
2021-11-02,945960,0,269.14,14667,0,37457976
2021-11-03,945960,0,269.14,14667,0,37457976
2021-11-04,945960,0,269.14,14667,0,37457976
2021-11-05,945960,0,269.14,14667,0,37457976
2021-11-06,945960,0,269.14,14667,0,37457976
2021-11-07,947307,1347,192.43,14706,39,37457976
2021-11-08,947307,0,192.43,14706,0,37457976
2021-11-09,947307,0,192.43,14706,0,37457976
2021-11-10,947307,0,192.43,14706,0,37457976
2021-11-11,947307,0,192.43,14706,0,37457976
2021-11-12,947307,0,192.43,14706,0,37457976
2021-11-13,947307,0,192.43,14706,0,37457976
2021-11-14,948157,850,121.43,14740,34,37457976
2021-11-15,948157,0,121.43,14740,0,37457976
2021-11-16,948157,0,121.43,14740,0,37457976
2021-11-17,948157,0,121.43,14740,0,37457976
2021-11-18,948157,0,121.43,14740,0,37457976
2021-11-19,948157,0,121.43,14740,0,37457976
2021-11-20,948157,0,121.43,14740,0,37457976
2021-11-21,948830,673,96.14,14761,21,37457976
2021-11-22,948830,0,96.14,14761,0,37457976
2021-11-23,948830,0,96.14,14761,0,37457976
2021-11-24,948830,0,96.14,14761,0,37457976
2021-11-25,948830,0,96.14,14761,0,37457976
2021-11-26,948830,0,96.14,14761,0,37457976
2021-11-27,948830,0,96.14,14761,0,37457976
2021-11-28,949648,818,116.86,14774,13,37457976
2021-11-29,949648,0,116.86,14774,0,37457976
2021-11-30,949648,0,116.86,14774,0,37457976
2021-12-01,949648,0,116.86,14774,0,37457976
2021-12-02,949648,0,116.86,14774,0,37457976
2021-12-03,949648,0,116.86,14774,0,37457976
2021-12-04,949648,0,116.86,14774,0,37457976
2021-12-05,950501,853,121.86,14787,13,37457976
2021-12-06,950501,0,121.86,14787,0,37457976
2021-12-07,950501,0,121.86,14787,0,37457976
2021-12-08,950501,0,121.86,14787,0,37457976
2021-12-09,950501,0,121.86,14787,0,37457976
2021-12-10,950501,0,121.86,14787,0,37457976
2021-12-11,950501,0,121.86,14787,0,37457976
2021-12-12,951380,879,125.57,14796,9,37457976
2021-12-13,951380,0,125.57,14796,0,37457976
2021-12-14,951380,0,125.57,14796,0,37457976
2021-12-15,951380,0,125.57,14796,0,37457976
2021-12-16,951380,0,125.57,14796,0,37457976
2021-12-17,951380,0,125.57,14796,0,37457976
2021-12-18,951380,0,125.57,14796,0,37457976
2021-12-19,952628,1248,178.29,14808,12,37457976
2021-12-20,952628,0,178.29,14808,0,37457976
2021-12-21,952628,0,178.29,14808,0,37457976
2021-12-22,952628,0,178.29,14808,0,37457976
2021-12-23,952628,0,178.29,14808,0,37457976
2021-12-24,952628,0,178.29,14808,0,37457976
2021-12-25,952628,0,178.29,14808,0,37457976
2021-12-26,955587,2959,422.71,14827,19,37457976
2021-12-27,955587,0,422.71,14827,0,37457976
2021-12-28,955587,0,422.71,14827,0,37457976
2021-12-29,955587,0,422.71,14827,0,37457976
2021-12-30,955587,0,422.71,14827,0,37457976
2021-12-31,955587,0,422.71,14827,0,37457976
2022-01-01,955587,0,422.71,14827,0,37457976
2022-01-02,965420,9833,1404.71,14851,24,37457976
2022-01-03,965420,0,1404.71,14851,0,37457976
2022-01-04,965420,0,1404.71,14851,0,37457976
2022-01-05,965420,0,1404.71,14851,0,37457976
2022-01-06,965420,0,1404.71,14851,0,37457976
2022-01-07,965420,0,1404.71,14851,0,37457976
2022-01-08,965420,0,1404.71,14851,0,37457976
2022-01-09,997121,31701,4528.71,14904,53,37457976
2022-01-10,997121,0,4528.71,14904,0,37457976
2022-01-11,997121,0,4528.71,14904,0,37457976
2022-01-12,997121,0,4528.71,14904,0,37457976
2022-01-13,997121,0,4528.71,14904,0,37457976
2022-01-14,997121,0,4528.71,14904,0,37457976
2022-01-15,997121,0,4528.71,14904,0,37457976
2022-01-16,1043225,46104,6586.29,14963,59,37457976
2022-01-17,1043225,0,6586.29,14963,0,37457976
2022-01-18,1043225,0,6586.29,14963,0,37457976
2022-01-19,1043225,0,6586.29,14963,0,37457976
2022-01-20,1043225,0,6586.29,14963,0,37457976
2022-01-21,1043225,0,6586.29,14963,0,37457976
2022-01-22,1043225,0,6586.29,14963,0,37457976
2022-01-23,1093978,50753,7250.43,15113,150,37457976
2022-01-24,1093978,0,7250.43,15113,0,37457976
2022-01-25,1093978,0,7250.43,15113,0,37457976
2022-01-26,1093978,0,7250.43,15113,0,37457976
2022-01-27,1093978,0,7250.43,15113,0,37457976
2022-01-28,1093978,0,7250.43,15113,0,37457976
2022-01-29,1093978,0,7250.43,15113,0,37457976
2022-01-30,1129140,35162,5023.14,15328,215,37457976
2022-01-31,1129140,0,5023.14,15328,0,37457976
2022-02-01,1129140,0,5023.14,15328,0,37457976
2022-02-02,1129140,0,5023.14,15328,0,37457976
2022-02-03,1129140,0,5023.14,15328,0,37457976
2022-02-04,1129140,0,5023.14,15328,0,37457976
2022-02-05,1129140,0,5023.14,15328,0,37457976
2022-02-06,1146041,16901,2414.43,15575,247,37457976
2022-02-07,1146041,0,2414.43,15575,0,37457976
2022-02-08,1146041,0,2414.43,15575,0,37457976
2022-02-09,1146041,0,2414.43,15575,0,37457976
2022-02-10,1146041,0,2414.43,15575,0,37457976
2022-02-11,1146041,0,2414.43,15575,0,37457976
2022-02-12,1146041,0,2414.43,15575,0,37457976
2022-02-13,1154531,8490,1212.86,15766,191,37457976
2022-02-14,1154531,0,1212.86,15766,0,37457976
2022-02-15,1154531,0,1212.86,15766,0,37457976
2022-02-16,1154531,0,1212.86,15766,0,37457976
2022-02-17,1154531,0,1212.86,15766,0,37457976
2022-02-18,1154531,0,1212.86,15766,0,37457976
2022-02-19,1154531,0,1212.86,15766,0,37457976
2022-02-20,1158669,4138,591.14,15881,115,37457976
2022-02-21,1158669,0,591.14,15881,0,37457976
2022-02-22,1158669,0,591.14,15881,0,37457976
2022-02-23,1158669,0,591.14,15881,0,37457976
2022-02-24,1158669,0,591.14,15881,0,37457976
2022-02-25,1158669,0,591.14,15881,0,37457976
2022-02-26,1158669,0,591.14,15881,0,37457976
2022-02-27,1160750,2081,297.29,15970,89,37457976
2022-02-28,1160750,0,297.29,15970,0,37457976
2022-03-01,1160750,0,297.29,15970,0,37457976
2022-03-02,1160750,0,297.29,15970,0,37457976
2022-03-03,1160750,0,297.29,15970,0,37457976
2022-03-04,1160750,0,297.29,15970,0,37457976
2022-03-05,1160750,0,297.29,15970,0,37457976
2022-03-06,1161586,836,119.43,16015,45,37457976
2022-03-07,1161586,0,119.43,16015,0,37457976
2022-03-08,1161586,0,119.43,16015,0,37457976
2022-03-09,1161586,0,119.43,16015,0,37457976
2022-03-10,1161586,0,119.43,16015,0,37457976
2022-03-11,1161586,0,119.43,16015,0,37457976
2022-03-12,1161586,0,119.43,16015,0,37457976
2022-03-13,1162040,454,64.86,16036,21,37457976
2022-03-14,1162040,0,64.86,16036,0,37457976
2022-03-15,1162040,0,64.86,16036,0,37457976
2022-03-16,1162040,0,64.86,16036,0,37457976
2022-03-17,1162040,0,64.86,16036,0,37457976
2022-03-18,1162040,0,64.86,16036,0,37457976
2022-03-19,1162040,0,64.86,16036,0,37457976
2022-03-20,1162444,404,57.71,16051,15,37457976
2022-03-21,1162444,0,57.71,16051,0,37457976
2022-03-22,1162444,0,57.71,16051,0,37457976
2022-03-23,1162444,0,57.71,16051,0,37457976
2022-03-24,1162444,0,57.71,16051,0,37457976
2022-03-25,1162444,0,57.71,16051,0,37457976
2022-03-26,1162444,0,57.71,16051,0,37457976
2022-03-27,1162923,479,68.43,16057,6,37457976
2022-03-28,1162923,0,68.43,16057,0,37457976
2022-03-29,1162923,0,68.43,16057,0,37457976
2022-03-30,1162923,0,68.43,16057,0,37457976
2022-03-31,1162923,0,68.43,16057,0,37457976
2022-04-01,1162923,0,68.43,16057,0,37457976
2022-04-02,1162923,0,68.43,16057,0,37457976
2022-04-03,1163472,549,78.43,16060,3,37457976
2022-04-04,1163472,0,78.43,16060,0,37457976
2022-04-05,1163472,0,78.43,16060,0,37457976
2022-04-06,1163472,0,78.43,16060,0,37457976
2022-04-07,1163472,0,78.43,16060,0,37457976
2022-04-08,1163472,0,78.43,16060,0,37457976
2022-04-09,1163472,0,78.43,16060,0,37457976
2022-04-10,1163962,490,70.0,16061,1,37457976
2022-04-11,1163962,0,70.0,16061,0,37457976
2022-04-12,1163962,0,70.0,16061,0,37457976
2022-04-13,1163962,0,70.0,16061,0,37457976
2022-04-14,1163962,0,70.0,16061,0,37457976
2022-04-15,1163962,0,70.0,16061,0,37457976
2022-04-16,1163962,0,70.0,16061,0,37457976
2022-04-17,1164345,383,54.71,16062,1,37457976
2022-04-18,1164345,0,54.71,16062,0,37457976
2022-04-19,1164345,0,54.71,16062,0,37457976
2022-04-20,1164345,0,54.71,16062,0,37457976
2022-04-21,1164345,0,54.71,16062,0,37457976
2022-04-22,1164345,0,54.71,16062,0,37457976
2022-04-23,1164345,0,54.71,16062,0,37457976
2022-04-24,1164670,325,46.43,16065,3,37457976
2022-04-25,1164670,0,46.43,16065,0,37457976
2022-04-26,1164670,0,46.43,16065,0,37457976
2022-04-27,1164670,0,46.43,16065,0,37457976
2022-04-28,1164670,0,46.43,16065,0,37457976
2022-04-29,1164670,0,46.43,16065,0,37457976
2022-04-30,1164670,0,46.43,16065,0,37457976
2022-05-01,1164953,283,40.43,16069,4,37457976
2022-05-02,1164953,0,40.43,16069,0,37457976
2022-05-03,1164953,0,40.43,16069,0,37457976
2022-05-04,1164953,0,40.43,16069,0,37457976
2022-05-05,1164953,0,40.43,16069,0,37457976
2022-05-06,1164953,0,40.43,16069,0,37457976
2022-05-07,1164953,0,40.43,16069,0,37457976
2022-05-08,1165206,253,36.14,16070,1,37457976
2022-05-09,1165206,0,36.14,16070,0,37457976
2022-05-10,1165206,0,36.14,16070,0,37457976
2022-05-11,1165206,0,36.14,16070,0,37457976
2022-05-12,1165206,0,36.14,16070,0,37457976
2022-05-13,1165206,0,36.14,16070,0,37457976
2022-05-14,1165206,0,36.14,16070,0,37457976
2022-05-15,1165706,500,71.43,16071,1,37457976
2022-05-16,1165706,0,71.43,16071,0,37457976
2022-05-17,1165706,0,71.43,16071,0,37457976
2022-05-18,1165706,0,71.43,16071,0,37457976
2022-05-19,1165706,0,71.43,16071,0,37457976
2022-05-20,1165706,0,71.43,16071,0,37457976
2022-05-21,1165706,0,71.43,16071,0,37457976
2022-05-22,1166530,824,117.71,16075,4,37457976
2022-05-23,1166530,0,117.71,16075,0,37457976
2022-05-24,1166530,0,117.71,16075,0,37457976
2022-05-25,1166530,0,117.71,16075,0,37457976
2022-05-26,1166530,0,117.71,16075,0,37457976
2022-05-27,1166530,0,117.71,16075,0,37457976
2022-05-28,1166530,0,117.71,16075,0,37457976
2022-05-29,1167732,1202,171.71,16076,1,37457976
2022-05-30,1167732,0,171.71,16076,0,37457976
2022-05-31,1167732,0,171.71,16076,0,37457976
2022-06-01,1167732,0,171.71,16076,0,37457976
2022-06-02,1167732,0,171.71,16076,0,37457976
2022-06-03,1167732,0,171.71,16076,0,37457976
2022-06-04,1167732,0,171.71,16076,0,37457976
2022-06-05,1169920,2188,312.57,16079,3,37457976
2022-06-06,1169920,0,312.57,16079,0,37457976
2022-06-07,1169920,0,312.57,16079,0,37457976
2022-06-08,1169920,0,312.57,16079,0,37457976
2022-06-09,1169920,0,312.57,16079,0,37457976
2022-06-10,1169920,0,312.57,16079,0,37457976
2022-06-11,1169920,0,312.57,16079,0,37457976
2022-06-12,1175104,5184,740.57,16082,3,37457976
2022-06-13,1175104,0,740.57,16082,0,37457976
2022-06-14,1175104,0,740.57,16082,0,37457976
2022-06-15,1175104,0,740.57,16082,0,37457976
2022-06-16,1175104,0,740.57,16082,0,37457976
2022-06-17,1175104,0,740.57,16082,0,37457976
2022-06-18,1175104,0,740.57,16082,0,37457976
2022-06-19,1184732,9628,1375.43,16086,4,37457976
2022-06-20,1184732,0,1375.43,16086,0,37457976
2022-06-21,1184732,0,1375.43,16086,0,37457976
2022-06-22,1184732,0,1375.43,16086,0,37457976
2022-06-23,1184732,0,1375.43,16086,0,37457976
2022-06-24,1184732,0,1375.43,16086,0,37457976
2022-06-25,1184732,0,1375.43,16086,0,37457976
2022-06-26,1202461,17729,2532.71,16098,12,37457976
2022-06-27,1202461,0,2532.71,16098,0,37457976
2022-06-28,1202461,0,2532.71,16098,0,37457976
2022-06-29,1202461,0,2532.71,16098,0,37457976
2022-06-30,1202461,0,2532.71,16098,0,37457976
2022-07-01,1202461,0,2532.71,16098,0,37457976
2022-07-02,1202461,0,2532.71,16098,0,37457976
2022-07-03,1223585,21124,3017.71,16116,18,37457976
2022-07-04,1223585,0,3017.71,16116,0,37457976
2022-07-05,1223585,0,3017.71,16116,0,37457976
2022-07-06,1223585,0,3017.71,16116,0,37457976
2022-07-07,1223585,0,3017.71,16116,0,37457976
2022-07-08,1223585,0,3017.71,16116,0,37457976
2022-07-09,1223585,0,3017.71,16116,0,37457976
2022-07-10,1240847,17262,2466.0,16151,35,37457976
2022-07-11,1240847,0,2466.0,16151,0,37457976
2022-07-12,1240847,0,2466.0,16151,0,37457976
2022-07-13,1240847,0,2466.0,16151,0,37457976
2022-07-14,1240847,0,2466.0,16151,0,37457976
2022-07-15,1240847,0,2466.0,16151,0,37457976
2022-07-16,1240847,0,2466.0,16151,0,37457976
2022-07-17,1250510,9663,1380.43,16178,27,37457976
2022-07-18,1250510,0,1380.43,16178,0,37457976
2022-07-19,1250510,0,1380.43,16178,0,37457976
2022-07-20,1250510,0,1380.43,16178,0,37457976
2022-07-21,1250510,0,1380.43,16178,0,37457976
2022-07-22,1250510,0,1380.43,16178,0,37457976
2022-07-23,1250510,0,1380.43,16178,0,37457976
2022-07-24,1257320,6810,972.86,16211,33,37457976
2022-07-25,1257320,0,972.86,16211,0,37457976
2022-07-26,1257320,0,972.86,16211,0,37457976
2022-07-27,1257320,0,972.86,16211,0,37457976
2022-07-28,1257320,0,972.86,16211,0,37457976
2022-07-29,1257320,0,972.86,16211,0,37457976
2022-07-30,1257320,0,972.86,16211,0,37457976
2022-07-31,1260759,3439,491.29,16234,23,37457976
2022-08-01,1260759,0,491.29,16234,0,37457976
2022-08-02,1260759,0,491.29,16234,0,37457976
2022-08-03,1260759,0,491.29,16234,0,37457976
2022-08-04,1260759,0,491.29,16234,0,37457976
2022-08-05,1260759,0,491.29,16234,0,37457976
2022-08-06,1260759,0,491.29,16234,0,37457976
2022-08-07,1262501,1742,248.86,16256,22,37457976
2022-08-08,1262501,0,248.86,16256,0,37457976
2022-08-09,1262501,0,248.86,16256,0,37457976
2022-08-10,1262501,0,248.86,16256,0,37457976
2022-08-11,1262501,0,248.86,16256,0,37457976
2022-08-12,1262501,0,248.86,16256,0,37457976
2022-08-13,1262501,0,248.86,16256,0,37457976
2022-08-14,1263373,872,124.57,16268,12,37457976
2022-08-15,1263373,0,124.57,16268,0,37457976
2022-08-16,1263373,0,124.57,16268,0,37457976
2022-08-17,1263373,0,124.57,16268,0,37457976
2022-08-18,1263373,0,124.57,16268,0,37457976
2022-08-19,1263373,0,124.57,16268,0,37457976
2022-08-20,1263373,0,124.57,16268,0,37457976
2022-08-21,1263943,570,81.43,16270,2,37457976
2022-08-22,1263943,0,81.43,16270,0,37457976
2022-08-23,1263943,0,81.43,16270,0,37457976
2022-08-24,1263943,0,81.43,16270,0,37457976
2022-08-25,1263943,0,81.43,16270,0,37457976
2022-08-26,1263943,0,81.43,16270,0,37457976
2022-08-27,1263943,0,81.43,16270,0,37457976
2022-08-28,1264286,343,49.0,16271,1,37457976
2022-08-29,1264286,0,49.0,16271,0,37457976
2022-08-30,1264286,0,49.0,16271,0,37457976
2022-08-31,1264286,0,49.0,16271,0,37457976
2022-09-01,1264286,0,49.0,16271,0,37457976
2022-09-02,1264286,0,49.0,16271,0,37457976
2022-09-03,1264286,0,49.0,16271,0,37457976
2022-09-04,1264531,245,35.0,16274,3,37457976
2022-09-05,1264531,0,35.0,16274,0,37457976
2022-09-06,1264531,0,35.0,16274,0,37457976
2022-09-07,1264531,0,35.0,16274,0,37457976
2022-09-08,1264531,0,35.0,16274,0,37457976
2022-09-09,1264531,0,35.0,16274,0,37457976
2022-09-10,1264531,0,35.0,16274,0,37457976
2022-09-11,1264648,117,16.71,16276,2,37457976
2022-09-12,1264648,0,16.71,16276,0,37457976
2022-09-13,1264648,0,16.71,16276,0,37457976
2022-09-14,1264648,0,16.71,16276,0,37457976
2022-09-15,1264648,0,16.71,16276,0,37457976
2022-09-16,1264648,0,16.71,16276,0,37457976
2022-09-17,1264648,0,16.71,16276,0,37457976
2022-09-18,1264762,114,16.29,16277,1,37457976
2022-09-19,1264762,0,16.29,16277,0,37457976
2022-09-20,1264762,0,16.29,16277,0,37457976
2022-09-21,1264762,0,16.29,16277,0,37457976
2022-09-22,1264762,0,16.29,16277,0,37457976
2022-09-23,1264762,0,16.29,16277,0,37457976
2022-09-24,1264762,0,16.29,16277,0,37457976
2022-09-25,1264872,110,15.71,16278,1,37457976
2022-09-26,1264872,0,15.71,16278,0,37457976
2022-09-27,1264872,0,15.71,16278,0,37457976
2022-09-28,1264872,0,15.71,16278,0,37457976
2022-09-29,1264872,0,15.71,16278,0,37457976
2022-09-30,1264872,0,15.71,16278,0,37457976
2022-10-01,1264872,0,15.71,16278,0,37457976
2022-10-02,1264961,89,12.71,16278,0,37457976
2022-10-03,1264961,0,12.71,16278,0,37457976
2022-10-04,1264961,0,12.71,16278,0,37457976
2022-10-05,1264961,0,12.71,16278,0,37457976
2022-10-06,1264961,0,12.71,16278,0,37457976
2022-10-07,1264961,0,12.71,16278,0,37457976
2022-10-08,1264961,0,12.71,16278,0,37457976
2022-10-09,1265086,125,17.86,16278,0,37457976
2022-10-10,1265086,0,17.86,16278,0,37457976
2022-10-11,1265086,0,17.86,16278,0,37457976
2022-10-12,1265086,0,17.86,16278,0,37457976
2022-10-13,1265086,0,17.86,16278,0,37457976
2022-10-14,1265086,0,17.86,16278,0,37457976
2022-10-15,1265086,0,17.86,16278,0,37457976
2022-10-16,1265201,115,16.43,16278,0,37457976
2022-10-17,1265201,0,16.43,16278,0,37457976
2022-10-18,1265201,0,16.43,16278,0,37457976
2022-10-19,1265201,0,16.43,16278,0,37457976
2022-10-20,1265201,0,16.43,16278,0,37457976
2022-10-21,1265201,0,16.43,16278,0,37457976
2022-10-22,1265201,0,16.43,16278,0,37457976
2022-10-23,1265382,181,25.86,16280,2,37457976
2022-10-24,1265382,0,25.86,16280,0,37457976
2022-10-25,1265382,0,25.86,16280,0,37457976
2022-10-26,1265382,0,25.86,16280,0,37457976
2022-10-27,1265382,0,25.86,16280,0,37457976
2022-10-28,1265382,0,25.86,16280,0,37457976
2022-10-29,1265382,0,25.86,16280,0,37457976
2022-10-30,1265572,190,27.14,16281,1,37457976
2022-10-31,1265572,0,27.14,16281,0,37457976
2022-11-01,1265572,0,27.14,16281,0,37457976
2022-11-02,1265572,0,27.14,16281,0,37457976
2022-11-03,1265572,0,27.14,16281,0,37457976
2022-11-04,1265572,0,27.14,16281,0,37457976
2022-11-05,1265572,0,27.14,16281,0,37457976
2022-11-06,1265965,393,56.14,16281,0,37457976
2022-11-07,1265965,0,56.14,16281,0,37457976
2022-11-08,1265965,0,56.14,16281,0,37457976
2022-11-09,1265965,0,56.14,16281,0,37457976
2022-11-10,1265965,0,56.14,16281,0,37457976
2022-11-11,1265965,0,56.14,16281,0,37457976
2022-11-12,1265965,0,56.14,16281,0,37457976
2022-11-13,1266561,596,85.14,16283,2,37457976
2022-11-14,1266561,0,85.14,16283,0,37457976
2022-11-15,1266561,0,85.14,16283,0,37457976
2022-11-16,1266561,0,85.14,16283,0,37457976
2022-11-17,1266561,0,85.14,16283,0,37457976
2022-11-18,1266561,0,85.14,16283,0,37457976
2022-11-19,1266561,0,85.14,16283,0,37457976
2022-11-20,1267266,705,100.71,16283,0,37457976
2022-11-21,1267266,0,100.71,16283,0,37457976
2022-11-22,1267266,0,100.71,16283,0,37457976
2022-11-23,1267266,0,100.71,16283,0,37457976
2022-11-24,1267266,0,100.71,16283,0,37457976
2022-11-25,1267266,0,100.71,16283,0,37457976
2022-11-26,1267266,0,100.71,16283,0,37457976
2022-11-27,1268295,1029,147.0,16284,1,37457976
2022-11-28,1268295,0,147.0,16284,0,37457976
2022-11-29,1268295,0,147.0,16284,0,37457976
2022-11-30,1268295,0,147.0,16284,0,37457976
2022-12-01,1268295,0,147.0,16284,0,37457976
2022-12-02,1268295,0,147.0,16284,0,37457976
2022-12-03,1268295,0,147.0,16284,0,37457976
2022-12-04,1269296,1001,143.0,16285,1,37457976
2022-12-05,1269296,0,143.0,16285,0,37457976
2022-12-06,1269296,0,143.0,16285,0,37457976
2022-12-07,1269296,0,143.0,16285,0,37457976
2022-12-08,1269296,0,143.0,16285,0,37457976
2022-12-09,1269296,0,143.0,16285,0,37457976
2022-12-10,1269296,0,143.0,16285,0,37457976
2022-12-11,1270119,823,117.57,16288,3,37457976
2022-12-12,1270119,0,117.57,16288,0,37457976
2022-12-13,1270119,0,117.57,16288,0,37457976
2022-12-14,1270119,0,117.57,16288,0,37457976
2022-12-15,1270119,0,117.57,16288,0,37457976
2022-12-16,1270119,0,117.57,16288,0,37457976
2022-12-17,1270119,0,117.57,16288,0,37457976
2022-12-18,1270782,663,94.71,16294,6,37457976
2022-12-19,1270782,0,94.71,16294,0,37457976
2022-12-20,1270782,0,94.71,16294,0,37457976
2022-12-21,1270782,0,94.71,16294,0,37457976
2022-12-22,1270782,0,94.71,16294,0,37457976
2022-12-23,1270782,0,94.71,16294,0,37457976
2022-12-24,1270782,0,94.71,16294,0,37457976
2022-12-25,1271244,462,66.0,16294,0,37457976
2022-12-26,1271244,0,66.0,16294,0,37457976
2022-12-27,1271244,0,66.0,16294,0,37457976
2022-12-28,1271244,0,66.0,16294,0,37457976
2022-12-29,1271244,0,66.0,16294,0,37457976
2022-12-30,1271244,0,66.0,16294,0,37457976
2022-12-31,1271244,0,66.0,16294,0,37457976
2023-01-01,1271595,351,50.14,16294,0,37457976
2023-01-02,1271595,0,50.14,16294,0,37457976
2023-01-03,1271595,0,50.14,16294,0,37457976
2023-01-04,1271595,0,50.14,16294,0,37457976
2023-01-05,1271595,0,50.14,16294,0,37457976
2023-01-06,1271595,0,50.14,16294,0,37457976
2023-01-07,1271595,0,50.14,16294,0,37457976
2023-01-08,1271868,273,39.0,16295,1,37457976
2023-01-09,1271868,0,39.0,16295,0,37457976
2023-01-10,1271868,0,39.0,16295,0,37457976
2023-01-11,1271868,0,39.0,16295,0,37457976
2023-01-12,1271868,0,39.0,16295,0,37457976
2023-01-13,1271868,0,39.0,16295,0,37457976
2023-01-14,1271868,0,39.0,16295,0,37457976
2023-01-15,1272056,188,26.86,16295,0,37457976
2023-01-16,1272056,0,26.86,16295,0,37457976
2023-01-17,1272056,0,26.86,16295,0,37457976
2023-01-18,1272056,0,26.86,16295,0,37457976
2023-01-19,1272056,0,26.86,16295,0,37457976
2023-01-20,1272056,0,26.86,16295,0,37457976
2023-01-21,1272056,0,26.86,16295,0,37457976
2023-01-22,1272175,119,17.0,16296,1,37457976
2023-01-23,1272175,0,17.0,16296,0,37457976
2023-01-24,1272175,0,17.0,16296,0,37457976
2023-01-25,1272175,0,17.0,16296,0,37457976
2023-01-26,1272175,0,17.0,16296,0,37457976
2023-01-27,1272175,0,17.0,16296,0,37457976
2023-01-28,1272175,0,17.0,16296,0,37457976
2023-01-29,1272222,47,6.71,16296,0,37457976
2023-01-30,1272222,0,6.71,16296,0,37457976
2023-01-31,1272222,0,6.71,16296,0,37457976
2023-02-01,1272222,0,6.71,16296,0,37457976
2023-02-02,1272222,0,6.71,16296,0,37457976
2023-02-03,1272222,0,6.71,16296,0,37457976
2023-02-04,1272222,0,6.71,16296,0,37457976
2023-02-05,1272276,54,7.71,16296,0,37457976
2023-02-06,1272276,0,7.71,16296,0,37457976
2023-02-07,1272276,0,7.71,16296,0,37457976
2023-02-08,1272276,0,7.71,16296,0,37457976
2023-02-09,1272276,0,7.71,16296,0,37457976
2023-02-10,1272276,0,7.71,16296,0,37457976
2023-02-11,1272276,0,7.71,16296,0,37457976
2023-02-12,1272332,56,8.0,16296,0,37457976
2023-02-13,1272332,0,8.0,16296,0,37457976
2023-02-14,1272332,0,8.0,16296,0,37457976
2023-02-15,1272332,0,8.0,16296,0,37457976
2023-02-16,1272332,0,8.0,16296,0,37457976
2023-02-17,1272332,0,8.0,16296,0,37457976
2023-02-18,1272332,0,8.0,16296,0,37457976
2023-02-19,1272371,39,5.57,16296,0,37457976
2023-02-20,1272371,0,5.57,16296,0,37457976
2023-02-21,1272371,0,5.57,16296,0,37457976
2023-02-22,1272371,0,5.57,16296,0,37457976
2023-02-23,1272371,0,5.57,16296,0,37457976
2023-02-24,1272371,0,5.57,16296,0,37457976
2023-02-25,1272371,0,5.57,16296,0,37457976
2023-02-26,1272442,71,10.14,16296,0,37457976
2023-02-27,1272442,0,10.14,16296,0,37457976
2023-02-28,1272442,0,10.14,16296,0,37457976
2023-03-01,1272442,0,10.14,16296,0,37457976
2023-03-02,1272442,0,10.14,16296,0,37457976
2023-03-03,1272442,0,10.14,16296,0,37457976
2023-03-04,1272442,0,10.14,16296,0,37457976
2023-03-05,1272486,44,6.29,16296,0,37457976
2023-03-06,1272486,0,6.29,16296,0,37457976
2023-03-07,1272486,0,6.29,16296,0,37457976
2023-03-08,1272486,0,6.29,16296,0,37457976
2023-03-09,1272486,0,6.29,16296,0,37457976
2023-03-10,1272486,0,6.29,16296,0,37457976
2023-03-11,1272486,0,6.29,16296,0,37457976
2023-03-12,1272526,40,5.71,16296,0,37457976
2023-03-13,1272526,0,5.71,16296,0,37457976
2023-03-14,1272526,0,5.71,16296,0,37457976
2023-03-15,1272526,0,5.71,16296,0,37457976
2023-03-16,1272526,0,5.71,16296,0,37457976
2023-03-17,1272526,0,5.71,16296,0,37457976
2023-03-18,1272526,0,5.71,16296,0,37457976
2023-03-19,1272585,59,8.43,16296,0,37457976
2023-03-20,1272585,0,8.43,16296,0,37457976
2023-03-21,1272585,0,8.43,16296,0,37457976
2023-03-22,1272585,0,8.43,16296,0,37457976
2023-03-23,1272585,0,8.43,16296,0,37457976
2023-03-24,1272585,0,8.43,16296,0,37457976
2023-03-25,1272585,0,8.43,16296,0,37457976
2023-03-26,1272622,37,5.29,16296,0,37457976
2023-03-27,1272622,0,5.29,16296,0,37457976
2023-03-28,1272622,0,5.29,16296,0,37457976
2023-03-29,1272622,0,5.29,16296,0,37457976
2023-03-30,1272622,0,5.29,16296,0,37457976
2023-03-31,1272622,0,5.29,16296,0,37457976
2023-04-01,1272622,0,5.29,16296,0,37457976
2023-04-02,1272679,57,8.14,16296,0,37457976
2023-04-03,1272679,0,8.14,16296,0,37457976
2023-04-04,1272679,0,8.14,16296,0,37457976
2023-04-05,1272679,0,8.14,16296,0,37457976
2023-04-06,1272679,0,8.14,16296,0,37457976
2023-04-07,1272679,0,8.14,16296,0,37457976
2023-04-08,1272679,0,8.14,16296,0,37457976
2023-04-09,1272733,54,7.71,16296,0,37457976
2023-04-10,1272733,0,7.71,16296,0,37457976
2023-04-11,1272733,0,7.71,16296,0,37457976
2023-04-12,1272733,0,7.71,16296,0,37457976
2023-04-13,1272733,0,7.71,16296,0,37457976
2023-04-14,1272733,0,7.71,16296,0,37457976
2023-04-15,1272733,0,7.71,16296,0,37457976
2023-04-16,1272889,156,22.29,16296,0,37457976
2023-04-17,1272889,0,22.29,16296,0,37457976
2023-04-18,1272889,0,22.29,16296,0,37457976
2023-04-19,1272889,0,22.29,16296,0,37457976
2023-04-20,1272889,0,22.29,16296,0,37457976
2023-04-21,1272889,0,22.29,16296,0,37457976
2023-04-22,1272889,0,22.29,16296,0,37457976
2023-04-23,1273130,241,34.43,16297,1,37457976
2023-04-24,1273130,0,34.43,16297,0,37457976
2023-04-25,1273130,0,34.43,16297,0,37457976
2023-04-26,1273130,0,34.43,16297,0,37457976
2023-04-27,1273130,0,34.43,16297,0,37457976
2023-04-28,1273130,0,34.43,16297,0,37457976
2023-04-29,1273130,0,34.43,16297,0,37457976
2023-04-30,1273463,333,47.57,16297,0,37457976
2023-05-01,1273463,0,47.57,16297,0,37457976
2023-05-02,1273463,0,47.57,16297,0,37457976
2023-05-03,1273463,0,47.57,16297,0,37457976
2023-05-04,1273463,0,47.57,16297,0,37457976
2023-05-05,1273463,0,47.57,16297,0,37457976
2023-05-06,1273463,0,47.57,16297,0,37457976
2023-05-07,1273832,369,52.71,16297,0,37457976
2023-05-08,1273832,0,52.71,16297,0,37457976
2023-05-09,1273832,0,52.71,16297,0,37457976
2023-05-10,1273832,0,52.71,16297,0,37457976
2023-05-11,1273832,0,52.71,16297,0,37457976
2023-05-12,1273832,0,52.71,16297,0,37457976
2023-05-13,1273832,0,52.71,16297,0,37457976
2023-05-14,1274180,348,49.71,16297,0,37457976
2023-05-15,1274180,0,49.71,16297,0,37457976
2023-05-16,1274180,0,49.71,16297,0,37457976
2023-05-17,1274180,0,49.71,16297,0,37457976
2023-05-18,1274180,0,49.71,16297,0,37457976
2023-05-19,1274180,0,49.71,16297,0,37457976
2023-05-20,1274180,0,49.71,16297,0,37457976
2023-05-21,1274553,373,53.29,16297,0,37457976
2023-05-22,1274553,0,53.29,16297,0,37457976
2023-05-23,1274553,0,53.29,16297,0,37457976
2023-05-24,1274553,0,53.29,16297,0,37457976
2023-05-25,1274553,0,53.29,16297,0,37457976
2023-05-26,1274553,0,53.29,16297,0,37457976
2023-05-27,1274553,0,53.29,16297,0,37457976
2023-05-28,1274733,180,25.71,16297,0,37457976
2023-05-29,1274733,0,25.71,16297,0,37457976
2023-05-30,1274733,0,25.71,16297,0,37457976
2023-05-31,1274733,0,25.71,16297,0,37457976
2023-06-01,1274733,0,25.71,16297,0,37457976
2023-06-02,1274733,0,25.71,16297,0,37457976
2023-06-03,1274733,0,25.71,16297,0,37457976
2023-06-04,1274901,168,24.0,16297,0,37457976
2023-06-05,1274901,0,24.0,16297,0,37457976
2023-06-06,1274901,0,24.0,16297,0,37457976
2023-06-07,1274901,0,24.0,16297,0,37457976
2023-06-08,1274901,0,24.0,16297,0,37457976
2023-06-09,1274901,0,24.0,16297,0,37457976
2023-06-10,1274901,0,24.0,16297,0,37457976
2023-06-11,1275003,102,14.57,16297,0,37457976
2023-06-12,1275003,0,14.57,16297,0,37457976
2023-06-13,1275003,0,14.57,16297,0,37457976
2023-06-14,1275003,0,14.57,16297,0,37457976
2023-06-15,1275003,0,14.57,16297,0,37457976
2023-06-16,1275003,0,14.57,16297,0,37457976
2023-06-17,1275003,0,14.57,16297,0,37457976
2023-06-18,1275089,86,12.29,16297,0,37457976
2023-06-19,1275089,0,12.29,16297,0,37457976
2023-06-20,1275089,0,12.29,16297,0,37457976
2023-06-21,1275089,0,12.29,16297,0,37457976
2023-06-22,1275089,0,12.29,16297,0,37457976
2023-06-23,1275089,0,12.29,16297,0,37457976
2023-06-24,1275089,0,12.29,16297,0,37457976
2023-06-25,1275136,47,6.71,16297,0,37457976
2023-06-26,1275136,0,6.71,16297,0,37457976
2023-06-27,1275136,0,6.71,16297,0,37457976
2023-06-28,1275136,0,6.71,16297,0,37457976
2023-06-29,1275136,0,6.71,16297,0,37457976
2023-06-30,1275136,0,6.71,16297,0,37457976
2023-07-01,1275136,0,6.71,16297,0,37457976
2023-07-02,1275168,32,4.57,16297,0,37457976
2023-07-03,1275168,0,4.57,16297,0,37457976
2023-07-04,1275168,0,4.57,16297,0,37457976
2023-07-05,1275168,0,4.57,16297,0,37457976
2023-07-06,1275168,0,4.57,16297,0,37457976
2023-07-07,1275168,0,4.57,16297,0,37457976
2023-07-08,1275168,0,4.57,16297,0,37457976
2023-07-09,1275191,23,3.29,16297,0,37457976
2023-07-10,1275191,0,3.29,16297,0,37457976
2023-07-11,1275191,0,3.29,16297,0,37457976
2023-07-12,1275191,0,3.29,16297,0,37457976
2023-07-13,1275191,0,3.29,16297,0,37457976
2023-07-14,1275191,0,3.29,16297,0,37457976
2023-07-15,1275191,0,3.29,16297,0,37457976
2023-07-16,1275224,33,4.71,16297,0,37457976
2023-07-17,1275224,0,4.71,16297,0,37457976
2023-07-18,1275224,0,4.71,16297,0,37457976
2023-07-19,1275224,0,4.71,16297,0,37457976
2023-07-20,1275224,0,4.71,16297,0,37457976
2023-07-21,1275224,0,4.71,16297,0,37457976
2023-07-22,1275224,0,4.71,16297,0,37457976
2023-07-23,1275245,21,3.0,16297,0,37457976
2023-07-24,1275245,0,3.0,16297,0,37457976
2023-07-25,1275245,0,3.0,16297,0,37457976
2023-07-26,1275245,0,3.0,16297,0,37457976
2023-07-27,1275245,0,3.0,16297,0,37457976
2023-07-28,1275245,0,3.0,16297,0,37457976
2023-07-29,1275245,0,3.0,16297,0,37457976
2023-07-30,1275273,28,4.0,16297,0,37457976
2023-07-31,1275273,0,4.0,16297,0,37457976
2023-08-01,1275273,0,4.0,16297,0,37457976
2023-08-02,1275273,0,4.0,16297,0,37457976
2023-08-03,1275273,0,4.0,16297,0,37457976
2023-08-04,1275273,0,4.0,16297,0,37457976
2023-08-05,1275273,0,4.0,16297,0,37457976
2023-08-06,1275293,20,2.86,16297,0,37457976
2023-08-07,1275293,0,2.86,16297,0,37457976
2023-08-08,1275293,0,2.86,16297,0,37457976
2023-08-09,1275293,0,2.86,16297,0,37457976
2023-08-10,1275293,0,2.86,16297,0,37457976
2023-08-11,1275293,0,2.86,16297,0,37457976
2023-08-12,1275293,0,2.86,16297,0,37457976
2023-08-13,1275320,27,3.86,16297,0,37457976
2023-08-14,1275320,0,3.86,16297,0,37457976
2023-08-15,1275320,0,3.86,16297,0,37457976
2023-08-16,1275320,0,3.86,16297,0,37457976
2023-08-17,1275320,0,3.86,16297,0,37457976
2023-08-18,1275320,0,3.86,16297,0,37457976
2023-08-19,1275320,0,3.86,16297,0,37457976
2023-08-20,1275394,74,10.57,16297,0,37457976
2023-08-21,1275394,0,10.57,16297,0,37457976
2023-08-22,1275394,0,10.57,16297,0,37457976
2023-08-23,1275394,0,10.57,16297,0,37457976
2023-08-24,1275394,0,10.57,16297,0,37457976
2023-08-25,1275394,0,10.57,16297,0,37457976
2023-08-26,1275394,0,10.57,16297,0,37457976
2023-08-27,1275555,161,23.0,16297,0,37457976
2023-08-28,1275555,0,23.0,16297,0,37457976
2023-08-29,1275555,0,23.0,16297,0,37457976
2023-08-30,1275555,0,23.0,16297,0,37457976
2023-08-31,1275555,0,23.0,16297,0,37457976
2023-09-01,1275555,0,23.0,16297,0,37457976
2023-09-02,1275555,0,23.0,16297,0,37457976
2023-09-03,1275864,309,44.14,16297,0,37457976
2023-09-04,1275864,0,44.14,16297,0,37457976
2023-09-05,1275864,0,44.14,16297,0,37457976
2023-09-06,1275864,0,44.14,16297,0,37457976
2023-09-07,1275864,0,44.14,16297,0,37457976
2023-09-08,1275864,0,44.14,16297,0,37457976
2023-09-09,1275864,0,44.14,16297,0,37457976
2023-09-10,1276176,312,44.57,16297,0,37457976
2023-09-11,1276176,0,44.57,16297,0,37457976
2023-09-12,1276176,0,44.57,16297,0,37457976
2023-09-13,1276176,0,44.57,16297,0,37457976
2023-09-14,1276176,0,44.57,16297,0,37457976
2023-09-15,1276176,0,44.57,16297,0,37457976
2023-09-16,1276176,0,44.57,16297,0,37457976
2023-09-17,1276430,254,36.29,16297,0,37457976
2023-09-18,1276430,0,36.29,16297,0,37457976
2023-09-19,1276430,0,36.29,16297,0,37457976
2023-09-20,1276430,0,36.29,16297,0,37457976
2023-09-21,1276430,0,36.29,16297,0,37457976
2023-09-22,1276430,0,36.29,16297,0,37457976
2023-09-23,1276430,0,36.29,16297,0,37457976
2023-09-24,1276635,205,29.29,16297,0,37457976
2023-09-25,1276635,0,29.29,16297,0,37457976
2023-09-26,1276635,0,29.29,16297,0,37457976
2023-09-27,1276635,0,29.29,16297,0,37457976
2023-09-28,1276635,0,29.29,16297,0,37457976
2023-09-29,1276635,0,29.29,16297,0,37457976
2023-09-30,1276635,0,29.29,16297,0,37457976
2023-10-01,1276812,177,25.29,16297,0,37457976
2023-10-02,1276812,0,25.29,16297,0,37457976
2023-10-03,1276812,0,25.29,16297,0,37457976
2023-10-04,1276812,0,25.29,16297,0,37457976
2023-10-05,1276812,0,25.29,16297,0,37457976
2023-10-06,1276812,0,25.29,16297,0,37457976
2023-10-07,1276812,0,25.29,16297,0,37457976
2023-10-08,1276950,138,19.71,16297,0,37457976
2023-10-09,1276950,0,19.71,16297,0,37457976
2023-10-10,1276950,0,19.71,16297,0,37457976
2023-10-11,1276950,0,19.71,16297,0,37457976
2023-10-12,1276950,0,19.71,16297,0,37457976
2023-10-13,1276950,0,19.71,16297,0,37457976
2023-10-14,1276950,0,19.71,16297,0,37457976
2023-10-15,1277082,132,18.86,16297,0,37457976
2023-10-16,1277082,0,18.86,16297,0,37457976
2023-10-17,1277082,0,18.86,16297,0,37457976
2023-10-18,1277082,0,18.86,16297,0,37457976
2023-10-19,1277082,0,18.86,16297,0,37457976
2023-10-20,1277082,0,18.86,16297,0,37457976
2023-10-21,1277082,0,18.86,16297,0,37457976
2023-10-22,1277218,136,19.43,16297,0,37457976
2023-10-23,1277218,0,19.43,16297,0,37457976
2023-10-24,1277218,0,19.43,16297,0,37457976
2023-10-25,1277218,0,19.43,16297,0,37457976
2023-10-26,1277218,0,19.43,16297,0,37457976
2023-10-27,1277218,0,19.43,16297,0,37457976
2023-10-28,1277218,0,19.43,16297,0,37457976
2023-10-29,1277342,124,17.71,16297,0,37457976
2023-10-30,1277342,0,17.71,16297,0,37457976
2023-10-31,1277342,0,17.71,16297,0,37457976
2023-11-01,1277342,0,17.71,16297,0,37457976
2023-11-02,1277342,0,17.71,16297,0,37457976
2023-11-03,1277342,0,17.71,16297,0,37457976
2023-11-04,1277342,0,17.71,16297,0,37457976
2023-11-05,1277342,0,0.0,16297,0,37457976
2023-11-06,1277342,0,0.0,16297,0,37457976
2023-11-07,1277342,0,0.0,16297,0,37457976
2023-11-08,1277342,0,0.0,16297,0,37457976
2023-11-09,1277342,0,0.0,16297,0,37457976
2023-11-10,1277342,0,0.0,16297,0,37457976
2023-11-11,1277342,0,0.0,16297,0,37457976
2023-11-12,1277538,196,28.0,16297,0,37457976
2023-11-13,1277538,0,28.0,16297,0,37457976
2023-11-14,1277538,0,28.0,16297,0,37457976
2023-11-15,1277538,0,28.0,16297,0,37457976
2023-11-16,1277538,0,28.0,16297,0,37457976
2023-11-17,1277538,0,28.0,16297,0,37457976
2023-11-18,1277538,0,28.0,16297,0,37457976
2023-11-19,1277642,104,14.86,16297,0,37457976
2023-11-20,1277642,0,14.86,16297,0,37457976
2023-11-21,1277642,0,14.86,16297,0,37457976
2023-11-22,1277642,0,14.86,16297,0,37457976
2023-11-23,1277642,0,14.86,16297,0,37457976
2023-11-24,1277642,0,14.86,16297,0,37457976
2023-11-25,1277642,0,14.86,16297,0,37457976
2023-11-26,1277746,104,14.86,16297,0,37457976
2023-11-27,1277746,0,14.86,16297,0,37457976
2023-11-28,1277746,0,14.86,16297,0,37457976
2023-11-29,1277746,0,14.86,16297,0,37457976
2023-11-30,1277746,0,14.86,16297,0,37457976
2023-12-01,1277746,0,14.86,16297,0,37457976
2023-12-02,1277746,0,14.86,16297,0,37457976
2023-12-03,1277862,116,16.57,16298,1,37457976
2023-12-04,1277862,0,16.57,16298,0,37457976
2023-12-05,1277862,0,16.57,16298,0,37457976
2023-12-06,1277862,0,16.57,16298,0,37457976
2023-12-07,1277862,0,16.57,16298,0,37457976
2023-12-08,1277862,0,16.57,16298,0,37457976
2023-12-09,1277862,0,16.57,16298,0,37457976
2023-12-10,1277956,94,13.43,16298,0,37457976
2023-12-11,1277956,0,13.43,16298,0,37457976
2023-12-12,1277956,0,13.43,16298,0,37457976
2023-12-13,1277956,0,13.43,16298,0,37457976
2023-12-14,1277956,0,13.43,16298,0,37457976
2023-12-15,1277956,0,13.43,16298,0,37457976
2023-12-16,1277956,0,13.43,16298,0,37457976
2023-12-17,1278055,99,14.14,16298,0,37457976
2023-12-18,1278055,0,14.14,16298,0,37457976
2023-12-19,1278055,0,14.14,16298,0,37457976
2023-12-20,1278055,0,14.14,16298,0,37457976
2023-12-21,1278055,0,14.14,16298,0,37457976
2023-12-22,1278055,0,14.14,16298,0,37457976
2023-12-23,1278055,0,14.14,16298,0,37457976
2023-12-24,1278164,109,15.57,16298,0,37457976
2023-12-25,1278164,0,15.57,16298,0,37457976
2023-12-26,1278164,0,15.57,16298,0,37457976
2023-12-27,1278164,0,15.57,16298,0,37457976
2023-12-28,1278164,0,15.57,16298,0,37457976
2023-12-29,1278164,0,15.57,16298,0,37457976
2023-12-30,1278164,0,15.57,16298,0,37457976
2023-12-31,1278269,105,15.0,16300,2,37457976
2024-01-01,1278269,0,15.0,16300,0,37457976
2024-01-02,1278269,0,15.0,16300,0,37457976
2024-01-03,1278269,0,15.0,16300,0,37457976
2024-01-04,1278269,0,15.0,16300,0,37457976
2024-01-05,1278269,0,15.0,16300,0,37457976
2024-01-06,1278269,0,15.0,16300,0,37457976
2024-01-07,1278399,130,18.57,16300,0,37457976
2024-01-08,1278399,0,18.57,16300,0,37457976
2024-01-09,1278399,0,18.57,16300,0,37457976
2024-01-10,1278399,0,18.57,16300,0,37457976
2024-01-11,1278399,0,18.57,16300,0,37457976
2024-01-12,1278399,0,18.57,16300,0,37457976
2024-01-13,1278399,0,18.57,16300,0,37457976
2024-01-14,1278512,113,16.14,16301,1,37457976
2024-01-15,1278512,0,16.14,16301,0,37457976
2024-01-16,1278512,0,16.14,16301,0,37457976
2024-01-17,1278512,0,16.14,16301,0,37457976
2024-01-18,1278512,0,16.14,16301,0,37457976
2024-01-19,1278512,0,16.14,16301,0,37457976
2024-01-20,1278512,0,16.14,16301,0,37457976
2024-01-21,1278666,154,22.0,16301,0,37457976
2024-01-22,1278666,0,22.0,16301,0,37457976
2024-01-23,1278666,0,22.0,16301,0,37457976
2024-01-24,1278666,0,22.0,16301,0,37457976
2024-01-25,1278666,0,22.0,16301,0,37457976
2024-01-26,1278666,0,22.0,16301,0,37457976
2024-01-27,1278666,0,22.0,16301,0,37457976
2024-01-28,1278752,86,12.29,16301,0,37457976
2024-01-29,1278752,0,12.29,16301,0,37457976
2024-01-30,1278752,0,12.29,16301,0,37457976
2024-01-31,1278752,0,12.29,16301,0,37457976
2024-02-01,1278752,0,12.29,16301,0,37457976
2024-02-02,1278752,0,12.29,16301,0,37457976
2024-02-03,1278752,0,12.29,16301,0,37457976
2024-02-04,1278844,92,13.14,16301,0,37457976
2024-02-05,1278844,0,13.14,16301,0,37457976
2024-02-06,1278844,0,13.14,16301,0,37457976
2024-02-07,1278844,0,13.14,16301,0,37457976
2024-02-08,1278844,0,13.14,16301,0,37457976
2024-02-09,1278844,0,13.14,16301,0,37457976
2024-02-10,1278844,0,13.14,16301,0,37457976
2024-02-11,1278944,100,14.29,16302,1,37457976
2024-02-12,1278944,0,14.29,16302,0,37457976
2024-02-13,1278944,0,14.29,16302,0,37457976
2024-02-14,1278944,0,14.29,16302,0,37457976
2024-02-15,1278944,0,14.29,16302,0,37457976
2024-02-16,1278944,0,14.29,16302,0,37457976
2024-02-17,1278944,0,14.29,16302,0,37457976
2024-02-18,1278988,44,6.29,16303,1,37457976
2024-02-19,1278988,0,6.29,16303,0,37457976
2024-02-20,1278988,0,6.29,16303,0,37457976
2024-02-21,1278988,0,6.29,16303,0,37457976
2024-02-22,1278988,0,6.29,16303,0,37457976
2024-02-23,1278988,0,6.29,16303,0,37457976
2024-02-24,1278988,0,6.29,16303,0,37457976
2024-02-25,1279034,46,6.57,16303,0,37457976
2024-02-26,1279034,0,6.57,16303,0,37457976
2024-02-27,1279034,0,6.57,16303,0,37457976
2024-02-28,1279034,0,6.57,16303,0,37457976
2024-02-29,1279034,0,6.57,16303,0,37457976
2024-03-01,1279034,0,6.57,16303,0,37457976
2024-03-02,1279034,0,6.57,16303,0,37457976
2024-03-03,1279044,10,1.43,16303,0,37457976
2024-03-04,1279044,0,1.43,16303,0,37457976
2024-03-05,1279044,0,1.43,16303,0,37457976
2024-03-06,1279044,0,1.43,16303,0,37457976
2024-03-07,1279044,0,1.43,16303,0,37457976
2024-03-08,1279044,0,1.43,16303,0,37457976
2024-03-09,1279044,0,1.43,16303,0,37457976
2024-03-10,1279048,4,0.57,16303,0,37457976
2024-03-11,1279048,0,0.57,16303,0,37457976
2024-03-12,1279048,0,0.57,16303,0,37457976
2024-03-13,1279048,0,0.57,16303,0,37457976
2024-03-14,1279048,0,0.57,16303,0,37457976
2024-03-15,1279048,0,0.57,16303,0,37457976
2024-03-16,1279048,0,0.57,16303,0,37457976
2024-03-17,1279062,14,2.0,16304,1,37457976
2024-03-18,1279062,0,2.0,16304,0,37457976
2024-03-19,1279062,0,2.0,16304,0,37457976
2024-03-20,1279062,0,2.0,16304,0,37457976
2024-03-21,1279062,0,2.0,16304,0,37457976
2024-03-22,1279062,0,2.0,16304,0,37457976
2024-03-23,1279062,0,2.0,16304,0,37457976
2024-03-24,1279073,11,1.57,16304,0,37457976
2024-03-25,1279073,0,1.57,16304,0,37457976
2024-03-26,1279073,0,1.57,16304,0,37457976
2024-03-27,1279073,0,1.57,16304,0,37457976
2024-03-28,1279073,0,1.57,16304,0,37457976
2024-03-29,1279073,0,1.57,16304,0,37457976
2024-03-30,1279073,0,1.57,16304,0,37457976
2024-03-31,1279080,7,1.0,16304,0,37457976
2024-04-01,1279080,0,1.0,16304,0,37457976
2024-04-02,1279080,0,1.0,16304,0,37457976
2024-04-03,1279080,0,1.0,16304,0,37457976
2024-04-04,1279080,0,1.0,16304,0,37457976
2024-04-05,1279080,0,1.0,16304,0,37457976
2024-04-06,1279080,0,1.0,16304,0,37457976
2024-04-07,1279084,4,0.57,16304,0,37457976
2024-04-08,1279084,0,0.57,16304,0,37457976
2024-04-09,1279084,0,0.57,16304,0,37457976
2024-04-10,1279084,0,0.57,16304,0,37457976
2024-04-11,1279084,0,0.57,16304,0,37457976
2024-04-12,1279084,0,0.57,16304,0,37457976
2024-04-13,1279084,0,0.57,16304,0,37457976
2024-04-14,1279094,10,1.43,16304,0,37457976
2024-04-15,1279094,0,1.43,16304,0,37457976
2024-04-16,1279094,0,1.43,16304,0,37457976
2024-04-17,1279094,0,1.43,16304,0,37457976
2024-04-18,1279094,0,1.43,16304,0,37457976
2024-04-19,1279094,0,1.43,16304,0,37457976
2024-04-20,1279094,0,1.43,16304,0,37457976
2024-04-21,1279105,11,1.57,16305,1,37457976
2024-04-22,1279105,0,1.57,16305,0,37457976
2024-04-23,1279105,0,1.57,16305,0,37457976
2024-04-24,1279105,0,1.57,16305,0,37457976
2024-04-25,1279105,0,1.57,16305,0,37457976
2024-04-26,1279105,0,1.57,16305,0,37457976
2024-04-27,1279105,0,1.57,16305,0,37457976
2024-04-28,1279115,10,1.43,16305,0,37457976
2024-04-29,1279115,0,1.43,16305,0,37457976
2024-04-30,1279115,0,1.43,16305,0,37457976
2024-05-01,1279115,0,1.43,16305,0,37457976
2024-05-02,1279115,0,1.43,16305,0,37457976
2024-05-03,1279115,0,1.43,16305,0,37457976
2024-05-04,1279115,0,1.43,16305,0,37457976
2024-05-05,1279115,0,0.0,16305,0,37457976
2024-05-06,1279115,0,0.0,16305,0,37457976
2024-05-07,1279115,0,0.0,16305,0,37457976
2024-05-08,1279115,0,0.0,16305,0,37457976
2024-05-09,1279115,0,0.0,16305,0,37457976
2024-05-10,1279115,0,0.0,16305,0,37457976
2024-05-11,1279115,0,0.0,16305,0,37457976
2024-05-12,1279115,0,0.0,16305,0,37457976
2024-05-13,1279115,0,0.0,16305,0,37457976
2024-05-14,1279115,0,0.0,16305,0,37457976
2024-05-15,1279115,0,0.0,16305,0,37457976
2024-05-16,1279115,0,0.0,16305,0,37457976
2024-05-17,1279115,0,0.0,16305,0,37457976
2024-05-18,1279115,0,0.0,16305,0,37457976
2024-05-19,1279115,0,0.0,16305,0,37457976
2024-05-20,1279115,0,0.0,16305,0,37457976
2024-05-21,1279115,0,0.0,16305,0,37457976
2024-05-22,1279115,0,0.0,16305,0,37457976
2024-05-23,1279115,0,0.0,16305,0,37457976
2024-05-24,1279115,0,0.0,16305,0,37457976
2024-05-25,1279115,0,0.0,16305,0,37457976
2024-05-26,1279115,0,0.0,16305,0,37457976
2024-05-27,1279115,0,0.0,16305,0,37457976
2024-05-28,1279115,0,0.0,16305,0,37457976
2024-05-29,1279115,0,0.0,16305,0,37457976
2024-05-30,1279115,0,0.0,16305,0,37457976
2024-05-31,1279115,0,0.0,16305,0,37457976
2024-06-01,1279115,0,0.0,16305,0,37457976
2024-06-02,1279115,0,0.0,16305,0,37457976
2024-06-03,1279115,0,0.0,16305,0,37457976
2024-06-04,1279115,0,0.0,16305,0,37457976
2024-06-05,1279115,0,0.0,16305,0,37457976
2024-06-06,1279115,0,0.0,16305,0,37457976
2024-06-07,1279115,0,0.0,16305,0,37457976
2024-06-08,1279115,0,0.0,16305,0,37457976
2024-06-09,1279115,0,0.0,16305,0,37457976
2024-06-10,1279115,0,0.0,16305,0,37457976
2024-06-11,1279115,0,0.0,16305,0,37457976
2024-06-12,1279115,0,0.0,16305,0,37457976
2024-06-13,1279115,0,0.0,16305,0,37457976
2024-06-14,1279115,0,0.0,16305,0,37457976
2024-06-15,1279115,0,0.0,16305,0,37457976
2024-06-16,1279115,0,0.0,16305,0,37457976
2024-06-17,1279115,0,0.0,16305,0,37457976
2024-06-18,1279115,0,0.0,16305,0,37457976
2024-06-19,1279115,0,0.0,16305,0,37457976
2024-06-20,1279115,0,0.0,16305,0,37457976
2024-06-21,1279115,0,0.0,16305,0,37457976
2024-06-22,1279115,0,0.0,16305,0,37457976
2024-06-23,1279115,0,0.0,16305,0,37457976
2024-06-24,1279115,0,0.0,16305,0,37457976
2024-06-25,1279115,0,0.0,16305,0,37457976
2024-06-26,1279115,0,0.0,16305,0,37457976
2024-06-27,1279115,0,0.0,16305,0,37457976
2024-06-28,1279115,0,0.0,16305,0,37457976
2024-06-29,1279115,0,0.0,16305,0,37457976
2024-06-30,1279115,0,0.0,16305,0,37457976
2024-07-01,1279115,0,0.0,16305,0,37457976
2024-07-02,1279115,0,0.0,16305,0,37457976
2024-07-03,1279115,0,0.0,16305,0,37457976
2024-07-04,1279115,0,0.0,16305,0,37457976
2024-07-05,1279115,0,0.0,16305,0,37457976
2024-07-06,1279115,0,0.0,16305,0,37457976
2024-07-07,1279115,0,0.0,16305,0,37457976
2024-07-08,1279115,0,0.0,16305,0,37457976
2024-07-09,1279115,0,0.0,16305,0,37457976
2024-07-10,1279115,0,0.0,16305,0,37457976
2024-07-11,1279115,0,0.0,16305,0,37457976
2024-07-12,1279115,0,0.0,16305,0,37457976
2024-07-13,1279115,0,0.0,16305,0,37457976
2024-07-14,1279115,0,0.0,16305,0,37457976
2024-07-15,1279115,0,0.0,16305,0,37457976
2024-07-16,1279115,0,0.0,16305,0,37457976
2024-07-17,1279115,0,0.0,16305,0,37457976
2024-07-18,1279115,0,0.0,16305,0,37457976
2024-07-19,1279115,0,0.0,16305,0,37457976
2024-07-20,1279115,0,0.0,16305,0,37457976
2024-07-21,1279115,0,0.0,16305,0,37457976
2024-07-22,1279115,0,0.0,16305,0,37457976
2024-07-23,1279115,0,0.0,16305,0,37457976
2024-07-24,1279115,0,0.0,16305,0,37457976
2024-07-25,1279115,0,0.0,16305,0,37457976
2024-07-26,1279115,0,0.0,16305,0,37457976
2024-07-27,1279115,0,0.0,16305,0,37457976
2024-07-28,1279115,0,0.0,16305,0,37457976
2024-07-29,1279115,0,0.0,16305,0,37457976
2024-07-30,1279115,0,0.0,16305,0,37457976
2024-07-31,1279115,0,0.0,16305,0,37457976
2024-08-01,1279115,0,0.0,16305,0,37457976
2024-08-02,1279115,0,0.0,16305,0,37457976
2024-08-03,1279115,0,0.0,16305,0,37457976
2024-08-04,1279115,0,0.0,16305,0,37457976
